{
    "root_group": {
        "name": "",
        "path": "",
        "id": "d41d8cd98f00b204e9800998ecf8427e",
        "groups": {},
        "checks": {
                "status is 200": {
                    "fails": 0,
                    "name": "status is 200",
                    "path": "::status is 200",
                    "id": "6210a8cd14cd70477eba5c5e4cb3fb5f",
                    "passes": 1000
                }
            }
    },
    "metrics": {
        "data_received": {
            "count": 151736,
            "rate": 13713.502044282097
        },
        "iterations": {
            "count": 1000,
            "rate": 90.3773794240134
        },
        "http_req_duration": {
            "avg": 103.02491759999967,
            "min": 100.2362,
            "med": 101.391,
            "max": 131.3038,
            "p(90)": 105.7948900000001,
            "p(95)": 113.61281999999999
        },
        "http_req_waiting": {
            "p(95)": 113.21453499999997,
            "avg": 102.9060440999996,
            "min": 100.2237,
            "med": 101.3679,
            "max": 130.8146,
            "p(90)": 105.7948900000001
        },
        "iteration_duration": {
            "p(95)": 1130.93279,
            "avg": 1105.2354472999998,
            "min": 1100.5699,
            "med": 1102.0345,
            "max": 1147.2684,
            "p(90)": 1108.2284400000005
        },
        "data_sent": {
            "count": 87000,
            "rate": 7862.832009889165
        },
        "http_req_failed": {
            "passes": 0,
            "fails": 1000,
            "value": 0
        },
        "vus": {
            "value": 100,
            "min": 100,
            "max": 100
        },
        "http_req_connecting": {
            "avg": 0.2676994999999998,
            "min": 0,
            "med": 0,
            "max": 4.0063,
            "p(90)": 0.09985000000002271,
            "p(95)": 2.9988
        },
        "http_req_sending": {
            "p(95)": 0,
            "avg": 0.028441999999999995,
            "min": 0,
            "med": 0,
            "max": 1.0041,
            "p(90)": 0
        },
        "http_req_tls_handshaking": {
            "min": 0,
            "med": 0,
            "max": 0,
            "p(90)": 0,
            "p(95)": 0,
            "avg": 0
        },
        "http_req_duration{expected_response:true}": {
            "max": 131.3038,
            "p(90)": 105.7948900000001,
            "p(95)": 113.61281999999999,
            "avg": 103.02491759999967,
            "min": 100.2362,
            "med": 101.391
        },
        "http_req_receiving": {
            "avg": 0.09043149999999998,
            "min": 0,
            "med": 0,
            "max": 1.2401,
            "p(90)": 0.30032000000000003,
            "p(95)": 0.4981
        },
        "vus_max": {
            "value": 100,
            "min": 100,
            "max": 100
        },
        "http_req_blocked": {
            "p(95)": 16.0043,
            "avg": 1.6355140000000004,
            "min": 0,
            "med": 0,
            "max": 20.0079,
            "p(90)": 1.8595900000003067
        },
        "checks": {
            "passes": 1000,
            "fails": 0,
            "value": 1
        },
        "http_reqs": {
            "count": 1000,
            "rate": 90.3773794240134
        }
    }
}