{
  "main": {
    "id": "7b408386ca35c206",
    "type": "split",
    "children": [
      {
        "id": "1c19ba902a1cae4b",
        "type": "tabs",
        "children": [
          {
            "id": "7d687cd0a6ac750a",
            "type": "leaf",
            "state": {
              "type": "markdown",
              "state": {
                "file": "1월 Kafka를 활용한 스트리밍 분산 처리/3. 구조적 스트리밍 처리 및 데이터 프레임 집계.md",
                "mode": "source",
                "source": false
              },
              "icon": "lucide-file",
              "title": "3. 구조적 스트리밍 처리 및 데이터 프레임 집계"
            }
          }
        ]
      }
    ],
    "direction": "vertical"
  },
  "left": {
    "id": "ba0fe8171fca4ddc",
    "type": "split",
    "children": [
      {
        "id": "d3e2421fe61df615",
        "type": "tabs",
        "children": [
          {
            "id": "46ed533db7db480d",
            "type": "leaf",
            "state": {
              "type": "file-explorer",
              "state": {
                "sortOrder": "alphabetical"
              },
              "icon": "lucide-folder-closed",
              "title": "파일 탐색기"
            }
          },
          {
            "id": "f0a3a29019eba46a",
            "type": "leaf",
            "state": {
              "type": "search",
              "state": {
                "query": "",
                "matchingCase": false,
                "explainSearch": false,
                "collapseAll": false,
                "extraContext": false,
                "sortOrder": "alphabetical"
              },
              "icon": "lucide-search",
              "title": "검색"
            }
          },
          {
            "id": "09428d06418db224",
            "type": "leaf",
            "state": {
              "type": "bookmarks",
              "state": {},
              "icon": "lucide-bookmark",
              "title": "Bookmarks"
            }
          }
        ]
      }
    ],
    "direction": "horizontal",
    "width": 300
  },
  "right": {
    "id": "86e805984e625cdc",
    "type": "split",
    "children": [
      {
        "id": "717f8fee75cc8ee4",
        "type": "tabs",
        "children": [
          {
            "id": "749c92805486f89a",
            "type": "leaf",
            "state": {
              "type": "backlink",
              "state": {
                "collapseAll": false,
                "extraContext": false,
                "sortOrder": "alphabetical",
                "showSearch": false,
                "searchQuery": "",
                "backlinkCollapsed": false,
                "unlinkedCollapsed": true
              },
              "icon": "links-coming-in",
              "title": "백링크"
            }
          },
          {
            "id": "34fd7a31c3029e92",
            "type": "leaf",
            "state": {
              "type": "outgoing-link",
              "state": {
                "linksCollapsed": false,
                "unlinkedCollapsed": true
              },
              "icon": "links-going-out",
              "title": "나가는 링크"
            }
          },
          {
            "id": "8587a59ebfd47a20",
            "type": "leaf",
            "state": {
              "type": "tag",
              "state": {
                "sortOrder": "frequency",
                "useHierarchy": true
              },
              "icon": "lucide-tags",
              "title": "Tags"
            }
          },
          {
            "id": "8bcbc38237e8c001",
            "type": "leaf",
            "state": {
              "type": "outline",
              "state": {},
              "icon": "lucide-list",
              "title": "개요"
            }
          }
        ]
      }
    ],
    "direction": "horizontal",
    "width": 300,
    "collapsed": true
  },
  "left-ribbon": {
    "hiddenItems": {
      "switcher:퀵 스위처 열기": false,
      "graph:그래프 뷰 열기": false,
      "canvas:새 캔버스 만들기": false,
      "daily-notes:오늘의 데일리 노트 열기": false,
      "templates:템플릿 삽입": false,
      "command-palette:명령어 팔레트 열기": false
    }
  },
  "active": "7d687cd0a6ac750a",
  "lastOpenFiles": [
    "7월 정형데이터 다루기/Resources/Pasted image 20250116203551.png~RF3c14094e.TMP",
    "7월 정형데이터 다루기/Resources/Pasted image 20250116203332.png",
    "7월 정형데이터 다루기/Resources/Pasted image 20250116203332.png~RF3c14070c.TMP",
    "7월 정형데이터 다루기/Resources/Pasted image 20250116203019.png",
    "7월 정형데이터 다루기/Resources/Pasted image 20250116202938.png",
    "7월 정형데이터 다루기/Resources/Pasted image 20250116202849.png",
    "7월 정형데이터 다루기/Resources/Pasted image 20250116202815.png",
    "7월 정형데이터 다루기/Resources/Pasted image 20250116202634.png",
    "8월 비정형데이터 다루기/Resources/Pasted image 20250116223819.png",
    "8월 비정형데이터 다루기/Resources",
    "7월 정형데이터 다루기/Resources/Pasted image 20250116202621.png",
    "7월 정형데이터 다루기/1. ETL 프로세스와 데이터베이스 관리 시스템.md",
    "7월 정형데이터 다루기/Resources/Pasted image 20250116202535.png",
    "7월 정형데이터 다루기/Resources/Pasted image 20250116202543.png",
    "7월 정형데이터 다루기/Resources",
    "1월-3 파이프라인 및 워크플로우 관리/사후평가 문제_78과정.md",
    "1월 Kafka를 활용한 스트리밍 분산 처리/사후평가.md",
    "11월 Hadoop을 활용한 분산처리/99. 단위평가.md",
    "11월 Hadoop을 활용한 분산처리/1. Hadoop 아키텍처 및 클러스터링 구축.md",
    "1월 Kafka를 활용한 스트리밍 분산 처리/2. Kafka를 활용한 메시지 처리.md",
    "1월-3 파이프라인 및 워크플로우 관리/2. Prometheus와 Grafana를 이용한 통합모니터링 체계 구축.md",
    "1월-3 파이프라인 및 워크플로우 관리/Inplux_2.provision.md",
    "1월-3 파이프라인 및 워크플로우 관리/0. OT.md",
    "11월 Hadoop을 활용한 분산처리/2. HDFS와 MapReduce 프로그래밍.md",
    "11월 Hadoop을 활용한 분산처리/Resources/사후 실습 평가 문제.md",
    "11월 Hadoop을 활용한 분산처리/Resources/RyuTaeHyeon.tar.gz",
    "11월 Hadoop을 활용한 분산처리/3. Impala와 SQL.md",
    "11월 Hadoop을 활용한 분산처리/4. Impala SQL 실습.md",
    "11월 Hadoop을 활용한 분산처리/0. OT.md",
    "10월 중간과제/90. 중간과제 리뷰.md",
    "9월 파이썬을 활용한 데이터 다루기/0. OT.md",
    "9월 파이썬을 활용한 데이터 다루기/Resources",
    "11월 Hadoop을 활용한 분산처리/Resources",
    "12월 Spark를 활용한 분산처리",
    "10월 중간과제",
    "9월 파이썬을 활용한 데이터 다루기/OT",
    "9월 파이썬을 활용한 데이터 다루기",
    "Welcome.md"
  ]
}