{
  "main": {
    "id": "c8bc523e1dc028fd",
    "type": "split",
    "children": [
      {
        "id": "c8c7a309263a38af",
        "type": "tabs",
        "children": [
          {
            "id": "452208d3d004ee75",
            "type": "leaf",
            "state": {
              "type": "markdown",
              "state": {
                "file": "25년 01월 9_최종평가/최종평가문제.md",
                "mode": "source",
                "source": false
              },
              "icon": "lucide-file",
              "title": "최종평가문제"
            }
          }
        ]
      }
    ],
    "direction": "vertical"
  },
  "left": {
    "id": "436f8f8653abdb16",
    "type": "mobile-drawer",
    "children": [
      {
        "id": "97dafca36902937a",
        "type": "leaf",
        "state": {
          "type": "file-explorer",
          "state": {
            "sortOrder": "alphabetical",
            "autoReveal": false
          },
          "icon": "lucide-folder-closed",
          "title": "파일 탐색기"
        }
      },
      {
        "id": "ce26de0293b97979",
        "type": "leaf",
        "state": {
          "type": "search",
          "state": {
            "query": "사설",
            "matchingCase": false,
            "explainSearch": false,
            "collapseAll": false,
            "extraContext": false,
            "sortOrder": "alphabetical"
          },
          "icon": "lucide-search",
          "title": "검색"
        }
      },
      {
        "id": "a6c9e2611bf29c2b",
        "type": "leaf",
        "state": {
          "type": "tag",
          "state": {
            "sortOrder": "frequency",
            "useHierarchy": true
          },
          "icon": "lucide-tags",
          "title": "Tags"
        }
      },
      {
        "id": "b4b71c169e665b3f",
        "type": "leaf",
        "state": {
          "type": "bookmarks",
          "state": {},
          "icon": "lucide-bookmark",
          "title": "Bookmarks"
        }
      }
    ],
    "currentTab": 0
  },
  "right": {
    "id": "0f4330651fa55bd7",
    "type": "mobile-drawer",
    "children": [
      {
        "id": "3e9ab358b9b3014c",
        "type": "leaf",
        "state": {
          "type": "backlink",
          "state": {
            "file": "9월 파이썬을 활용한 데이터 다루기/0. OT.md",
            "collapseAll": false,
            "extraContext": false,
            "sortOrder": "alphabetical",
            "showSearch": false,
            "searchQuery": "",
            "backlinkCollapsed": false,
            "unlinkedCollapsed": true
          },
          "icon": "links-coming-in",
          "title": "백링크"
        }
      },
      {
        "id": "323e1aa9df1b38b5",
        "type": "leaf",
        "state": {
          "type": "outgoing-link",
          "state": {
            "file": "11월 Hadoop을 활용한 분산처리/4. Impala SQL 실습.md",
            "linksCollapsed": false,
            "unlinkedCollapsed": true
          },
          "icon": "links-going-out",
          "title": "나가는 링크"
        }
      },
      {
        "id": "f1504895c7a782f0",
        "type": "leaf",
        "state": {
          "type": "outline",
          "state": {
            "file": "11월 Hadoop을 활용한 분산처리/4. Impala SQL 실습.md"
          },
          "icon": "lucide-list",
          "title": "개요"
        }
      }
    ],
    "currentTab": 0
  },
  "left-ribbon": {
    "hiddenItems": {
      "switcher:빠른 전환기 열기": false,
      "daily-notes:오늘의 일일 노트 열기": false,
      "graph:그래프 뷰 열기": false,
      "canvas:새 캔버스 만들기": false,
      "templates:템플릿 삽입": false,
      "command-palette:명령어 팔레트 열기": false
    }
  },
  "active": "452208d3d004ee75",
  "lastOpenFiles": [
    "9월 파이썬을 활용한 데이터 다루기/0. OT.md",
    "25년 01월 9_최종평가/최종평가문제.md",
    "25년 01월 9_최종평가/0. OT.md",
    "8월 비정형데이터 다루기/0. OT.md",
    "12월 Spark를 활용한 분산처리/0. OT.md",
    "7월 정형데이터 다루기/0. OT.md",
    "7월 정형데이터 다루기/4. 데이터 모델링 및 ERD 구현 실습.md",
    "12월 Spark를 활용한 분산처리/1. Spark 기본 이해 및 환경 설정.md",
    "11월 Hadoop을 활용한 분산처리/4. Impala SQL 실습.md"
  ]
}