{
  "main": {
    "id": "7b408386ca35c206",
    "type": "split",
    "children": [
      {
        "id": "1c19ba902a1cae4b",
        "type": "tabs",
        "children": [
          {
            "id": "7d687cd0a6ac750a",
            "type": "leaf",
            "state": {
              "type": "markdown",
              "state": {
                "file": "2025-04-21.md",
                "mode": "source",
                "source": false
              },
              "icon": "lucide-file",
              "title": "2025-04-21"
            }
          }
        ]
      }
    ],
    "direction": "vertical"
  },
  "left": {
    "id": "ba0fe8171fca4ddc",
    "type": "split",
    "children": [
      {
        "id": "d3e2421fe61df615",
        "type": "tabs",
        "children": [
          {
            "id": "46ed533db7db480d",
            "type": "leaf",
            "state": {
              "type": "file-explorer",
              "state": {
                "sortOrder": "alphabetical",
                "autoReveal": false
              },
              "icon": "lucide-folder-closed",
              "title": "파일 탐색기"
            }
          },
          {
            "id": "f0a3a29019eba46a",
            "type": "leaf",
            "state": {
              "type": "search",
              "state": {
                "query": "프롬프트",
                "matchingCase": false,
                "explainSearch": false,
                "collapseAll": false,
                "extraContext": false,
                "sortOrder": "alphabetical"
              },
              "icon": "lucide-search",
              "title": "검색"
            }
          },
          {
            "id": "09428d06418db224",
            "type": "leaf",
            "state": {
              "type": "bookmarks",
              "state": {},
              "icon": "lucide-bookmark",
              "title": "Bookmarks"
            }
          }
        ]
      }
    ],
    "direction": "horizontal",
    "width": 300
  },
  "right": {
    "id": "86e805984e625cdc",
    "type": "split",
    "children": [
      {
        "id": "717f8fee75cc8ee4",
        "type": "tabs",
        "children": [
          {
            "id": "749c92805486f89a",
            "type": "leaf",
            "state": {
              "type": "backlink",
              "state": {
                "collapseAll": false,
                "extraContext": false,
                "sortOrder": "alphabetical",
                "showSearch": false,
                "searchQuery": "",
                "backlinkCollapsed": false,
                "unlinkedCollapsed": true
              },
              "icon": "links-coming-in",
              "title": "백링크"
            }
          },
          {
            "id": "34fd7a31c3029e92",
            "type": "leaf",
            "state": {
              "type": "outgoing-link",
              "state": {
                "linksCollapsed": false,
                "unlinkedCollapsed": true
              },
              "icon": "links-going-out",
              "title": "나가는 링크"
            }
          },
          {
            "id": "8587a59ebfd47a20",
            "type": "leaf",
            "state": {
              "type": "tag",
              "state": {
                "sortOrder": "frequency",
                "useHierarchy": true
              },
              "icon": "lucide-tags",
              "title": "Tags"
            }
          },
          {
            "id": "8bcbc38237e8c001",
            "type": "leaf",
            "state": {
              "type": "outline",
              "state": {},
              "icon": "lucide-list",
              "title": "개요"
            }
          }
        ]
      }
    ],
    "direction": "horizontal",
    "width": 300,
    "collapsed": true
  },
  "left-ribbon": {
    "hiddenItems": {
      "switcher:빠른 전환기 열기": false,
      "daily-notes:오늘의 일일 노트 열기": false,
      "graph:그래프 뷰 열기": false,
      "canvas:새 캔버스 만들기": false,
      "templates:템플릿 삽입": false,
      "command-palette:명령어 팔레트 열기": false
    }
  },
  "active": "7d687cd0a6ac750a",
  "lastOpenFiles": [
    "무제.canvas",
    "2025-04-21.md",
    "1월 Kafka를 활용한 스트리밍 분산 처리/0. OT.md",
    "1월 Kafka를 활용한 스트리밍 분산 처리/1. Kafka 기본 이해 및 환경 설정.md",
    "8월 비정형데이터 다루기/0. OT.md",
    "25년 01월 9_최종평가/최종평가문제.md",
    "11월 Hadoop을 활용한 분산처리/하둡-사후 실습 평가 문제.md",
    "1월 Kafka를 활용한 스트리밍 분산 처리/사후평가.md",
    "1월 Kafka를 활용한 스트리밍 분산 처리/3. 구조적 스트리밍 처리 및 데이터 프레임 집계.md",
    "25년 01월 9_최종평가/Resources/RyuTaeHyeon.tar",
    "25년 01월 9_최종평가/Resources/Pasted image 20250117161912.png",
    "25년 01월 9_최종평가/Resources/Pasted image 20250117165001.png",
    "25년 01월 9_최종평가/Resources/Pasted image 20250117164947.png",
    "25년 01월 9_최종평가/Resources/Pasted image 20250117150938.png",
    "25년 01월 9_최종평가/Resources/Pasted image 20250117133248.png",
    "25년 01월 9_최종평가/Resources/Pasted image 20250117153732.png",
    "25년 01월 9_최종평가/Resources/Pasted image 20250117104927.png",
    "25년 01월 9_최종평가/Resources/Pasted image 20250117132133.png",
    "25년 01월 9_최종평가/Resources/Pasted image 20250117110151.png",
    "25년 01월 9_최종평가/Resources/Pasted image 20250117104915.png",
    "9월 파이썬을 활용한 데이터 다루기/중간워크샵.md",
    "9월 파이썬을 활용한 데이터 다루기/사후평가문제v2.md",
    "9월 파이썬을 활용한 데이터 다루기/Resources/input_matrix2.txt",
    "9월 파이썬을 활용한 데이터 다루기/Resources/data_values.csv",
    "9월 파이썬을 활용한 데이터 다루기/Resources/input_matrix1.txt",
    "9월 파이썬을 활용한 데이터 다루기/Resources/numeric_data.json",
    "9월 파이썬을 활용한 데이터 다루기/Resources/matrix_data.txt",
    "9월 파이썬을 활용한 데이터 다루기/Resources/irisx.json",
    "9월 파이썬을 활용한 데이터 다루기/3. 데이터 시각화 및 API를 활용한 데이터 수집.md",
    "8월 비정형데이터 다루기/사후평가해설.md",
    "9월 파이썬을 활용한 데이터 다루기/2. Pandas 데이터 처리 및 분석.md",
    "7월 정형데이터 다루기/0. OT.md",
    "9월 파이썬을 활용한 데이터 다루기/Resources/Pasted image 20250117004640.png~RF3c14d3a3.TMP",
    "9월 파이썬을 활용한 데이터 다루기/1. Numpy를 통한 메트릭스 처리.md",
    "9월 파이썬을 활용한 데이터 다루기/Resources/Pasted image 20250117004528.png~RF3c14d2d8.TMP",
    "8월 비정형데이터 다루기/Resources/empdept.sql",
    "8월 비정형데이터 다루기/4. 자연어 처리 및 실무 응용.md",
    "8월 비정형데이터 다루기/3. 이미지 데이터 처리 및 NoSQL 데이터베이스.md",
    "8월 비정형데이터 다루기/2. 비정형 데이터 이해 및 기초 처리.md",
    "8월 비정형데이터 다루기/1. Python 언어의 이해와 Colab 활용 실습.md",
    "7월 정형데이터 다루기/5. 데이터 모델링 및 ERD 심화 실습.md",
    "7월 정형데이터 다루기/4. 데이터 모델링 및 ERD 구현 실습.md",
    "7월 정형데이터 다루기/3. 데이터 모델링 및 ERD 구현.md",
    "7월 정형데이터 다루기/2. MySQL 설치 및 기본 설정.md",
    "25년 01월 9_최종평가/0. OT.md",
    "7월 정형데이터 다루기/1. ETL 프로세스와 데이터베이스 관리 시스템.md"
  ]
}