{
  "main": {
    "id": "26c069d81cd3250d",
    "type": "split",
    "children": [
      {
        "id": "625aae32aef6d751",
        "type": "tabs",
        "children": [
          {
            "id": "4bc6f625290052f0",
            "type": "leaf",
            "state": {
              "type": "markdown",
              "state": {
                "file": "데이터 엔지니어링 - 플랫폼 이해 과정/05. Terraform.md",
                "mode": "source",
                "source": false
              },
              "icon": "lucide-file",
              "title": "05. Terraform"
            }
          }
        ]
      }
    ],
    "direction": "vertical"
  },
  "left": {
    "id": "c1d470d469e57fdb",
    "type": "split",
    "children": [
      {
        "id": "cd880671c5271d38",
        "type": "tabs",
        "children": [
          {
            "id": "a11cecf253ccf216",
            "type": "leaf",
            "state": {
              "type": "file-explorer",
              "state": {
                "sortOrder": "alphabetical",
                "autoReveal": false
              },
              "icon": "lucide-folder-closed",
              "title": "파일 탐색기"
            }
          },
          {
            "id": "ce36f6346908d111",
            "type": "leaf",
            "state": {
              "type": "search",
              "state": {
                "query": "",
                "matchingCase": false,
                "explainSearch": false,
                "collapseAll": false,
                "extraContext": false,
                "sortOrder": "alphabetical"
              },
              "icon": "lucide-search",
              "title": "검색"
            }
          },
          {
            "id": "cae8204806f550ec",
            "type": "leaf",
            "state": {
              "type": "bookmarks",
              "state": {},
              "icon": "lucide-bookmark",
              "title": "북마크"
            }
          }
        ]
      }
    ],
    "direction": "horizontal",
    "width": 320.5,
    "collapsed": true
  },
  "right": {
    "id": "0713213342b2b3a2",
    "type": "split",
    "children": [
      {
        "id": "5bf5639aab4720e5",
        "type": "tabs",
        "children": [
          {
            "id": "e9b49d4cfaeb13d4",
            "type": "leaf",
            "state": {
              "type": "backlink",
              "state": {
                "file": "데이터 엔지니어링 - 플랫폼 이해 과정/05. Terraform.md",
                "collapseAll": false,
                "extraContext": false,
                "sortOrder": "alphabetical",
                "showSearch": false,
                "searchQuery": "",
                "backlinkCollapsed": false,
                "unlinkedCollapsed": true
              },
              "icon": "links-coming-in",
              "title": "05. Terraform 의 백링크"
            }
          },
          {
            "id": "7a0799d7d10ad5b7",
            "type": "leaf",
            "state": {
              "type": "outgoing-link",
              "state": {
                "file": "데이터 엔지니어링 - 플랫폼 이해 과정/05. Terraform.md",
                "linksCollapsed": false,
                "unlinkedCollapsed": true
              },
              "icon": "links-going-out",
              "title": "05. Terraform 의 나가는 링크"
            }
          },
          {
            "id": "0ab9f3af74930758",
            "type": "leaf",
            "state": {
              "type": "tag",
              "state": {
                "sortOrder": "frequency",
                "useHierarchy": true,
                "showSearch": false,
                "searchQuery": ""
              },
              "icon": "lucide-tags",
              "title": "태그"
            }
          },
          {
            "id": "ea3a204e0d7ab8fd",
            "type": "leaf",
            "state": {
              "type": "outline",
              "state": {
                "file": "데이터 엔지니어링 - 플랫폼 이해 과정/05. Terraform.md",
                "followCursor": false,
                "showSearch": false,
                "searchQuery": ""
              },
              "icon": "lucide-list",
              "title": "05. Terraform 의 개요"
            }
          }
        ]
      }
    ],
    "direction": "horizontal",
    "width": 300,
    "collapsed": true
  },
  "left-ribbon": {
    "hiddenItems": {
      "switcher:빠른 전환기 열기": false,
      "graph:그래프 뷰 열기": false,
      "canvas:새 캔버스 만들기": false,
      "daily-notes:오늘의 일일 노트 열기": false,
      "templates:템플릿 삽입": false,
      "command-palette:명령어 팔레트 열기": false
    }
  },
  "active": "4bc6f625290052f0",
  "lastOpenFiles": [
    "데이터 엔지니어링 - 플랫폼 이해 과정/Resources/Pasted image 20250408173022.png",
    "데이터 엔지니어링 - 플랫폼 이해 과정/Resources/Pasted image 20250408172958.png",
    "데이터 엔지니어링 - 플랫폼 이해 과정/Resources/Pasted image 20250408172826.png",
    "데이터 엔지니어링 - 플랫폼 이해 과정/Resources/Pasted image 20250408172258.png",
    "데이터 엔지니어링 - 플랫폼 이해 과정/Resources/Pasted image 20250408172204.png",
    "데이터 엔지니어링 - 플랫폼 이해 과정/Resources/Pasted image 20250408172042.png",
    "데이터 엔지니어링 - 플랫폼 이해 과정/04. IAM.md",
    "데이터 엔지니어링 - 플랫폼 이해 과정/05. Terraform.md",
    "데이터 엔지니어링 - 플랫폼 이해 과정/03. EC2.md",
    "데이터 엔지니어링 - 플랫폼 이해 과정/02. AWS 소개.md",
    "데이터 엔지니어링 - 플랫폼 이해 과정/01. Cloud 이해.md",
    "데이터 엔지니어링 - 플랫폼 이해 과정/Resources/id_key3.md",
    "데이터 엔지니어링 - 플랫폼 이해 과정/Resources/id_key3",
    "데이터 엔지니어링 - 플랫폼 이해 과정/Resources/key3.pem",
    "데이터 엔지니어링 - 플랫폼 이해 과정/00. OT.md",
    "데이터 엔지니어링 - 플랫폼 이해 과정/Resources/Pasted image 20250408163307.png",
    "데이터 엔지니어링 - 플랫폼 이해 과정/Resources/Pasted image 20250408163247.png",
    "데이터 엔지니어링 - 플랫폼 이해 과정/Resources/Pasted image 20250408163019.png",
    "데이터 엔지니어링 - 플랫폼 이해 과정/Resources/Pasted image 20250408162025.png",
    "데이터 엔지니어링 - 플랫폼 이해 과정/Resources/Pasted image 20250408161846.png",
    "데이터 엔지니어링 - 플랫폼 이해 과정/Resources",
    "무제",
    "데이터 엔지니어링 - 플랫폼 이해 과정",
    "환영합니다!.md"
  ]
}