empno,ename,job,mgr,hiredate,sal,comm,deptno
7839,KING,PRESIDENT,NULL,1981-11-17,5000,NULL,10
7698,BLAKE,MANAGER,7839,1981-05-01,2850,NULL,30
7782,CLARK,MANAGER,7839,1981-05-09,2450,NULL,10
7566,JONES,MANAGER,7839,1981-04-01,2975,NULL,20
7654,MARTIN,SALESMAN,7698,1981-09-10,1250,1400,30
7499,ALLEN,SALESMAN,7698,1981-02-11,1600,300,30
7844,TURNER,SALESMAN,7698,1981-08-21,1500,0,30
7900,JAMES,CLERK,7698,1981-12-11,950,NULL,30
7521,WARD,SALESMAN,7698,1981-02-23,1250,500,30
7902,FORD,ANALYST,7566,1981-12-11,3000,NULL,20
7369,SMITH,CLERK,7902,1980-12-09,800,NULL,20
7788,SCOTT,ANALYST,7566,1982-12-22,3000,NULL,20
7876,ADAMS,CLERK,7788,1983-01-15,1100,NULL,20
7934,MILLER,CLERK,7782,1982-01-11,1300,NULL,10